algorithm,parameter_name,parameter_value,budget_basis,is_reference,repeats,recommendation_count,no_recommendation_count,no_recommendation_rate,mean_accuracy,std_accuracy,mean_evaluations,std_evaluations,mean_search_cost,std_search_cost,mean_selection_time_seconds,std_selection_time_seconds,selection_time_count,mean_heldout_cost,std_heldout_cost,heldout_cost_count,cost_savings,exhaustive_search_cost,selected_config_id
Brute force (reference),none,,all_search_cells,True,1,1,,,0.385,,145800,,8.207148649999999,,,,0,0.0001001795,,1,0.0,8.207148649999999,qwen2.5-7b/tinyllama-1.1b/tinyllama-1.1b
matrix_ucb_e,fraction,0.01,cell_fraction,False,8,8,0,0.0,0.2525,0.09498120114753536,1458.0,0.0,0.08070619,0.004876228838621092,0.058516012628388125,0.0002673323919883443,8,4.8834875e-05,3.183317930971215e-05,8,0.9901663545475078,8.207148649999999,
matrix_ucb_e,fraction,0.025,cell_fraction,False,8,8,0,0.0,0.28500000000000003,0.08730079364718613,3646.0,0.0,0.2094818275,0.014565269454639346,0.252295350372151,0.05896960615345778,8,5.8583375e-05,3.066925340775816e-05,8,0.9744756874240361,8.207148649999999,
matrix_ucb_e,fraction,0.05,cell_fraction,False,8,8,0,0.0,0.335,0.06902380541730306,7291.0,0.0,0.41689579875,0.02219031622106005,0.5185752746292565,0.0013955358687758922,8,7.68255625e-05,2.7810569740641905e-05,8,0.9492033327859853,8.207148649999999,
matrix_ucb_e,fraction,0.1,cell_fraction,False,8,8,0,0.0,0.36812500000000004,0.03127499000799201,14581.0,0.0,0.84810371,0.036813562781874275,1.1120917116313649,0.059265779529096126,8,9.00726875e-05,1.910041758694128e-05,8,0.8966628062719444,8.207148649999999,
matrix_ucb_e,fraction,0.2,cell_fraction,False,8,8,0,0.0,0.36875,0.030089153242607924,29161.0,0.0,1.70239560125,0.06411192703317165,2.2603633333746984,0.06283176145832718,8,9.175206249999999e-05,1.5606292447593742e-05,8,0.792571613620036,8.207148649999999,
matrix_ucb_e,fraction,0.3,cell_fraction,False,8,8,0,0.0,0.36875,0.030089153242607924,43740.0,0.0,2.5973581699999997,0.07263218086129115,3.487831304628344,0.11340771433156739,8,9.164399999999999e-05,1.5804674923217225e-05,8,0.6835249024032237,8.207148649999999,
matrix_ucb_e,fraction,0.5,cell_fraction,False,8,8,0,0.0,0.385,0.0,72900.0,0.0,4.34982130625,0.07503422996417286,5.9141449361231935,0.09757807003904218,8,0.0001001795,0.0,8,0.4699960373874792,8.207148649999999,
random,fraction,0.01,row_fraction,False,8,8,0,0.0,0.376875,0.022980970388562796,1600.0,0.0,0.09062015,0.007369255036317152,0.0011160875001223758,0.000733083867642177,8,9.589721875e-05,1.2112120443292022e-05,8,0.9889583881242361,8.207148649999999,
random,fraction,0.025,row_fraction,False,8,8,0,0.0,0.376875,0.022980970388562796,3800.0,0.0,0.21543326999999998,0.020656395445258248,0.0018300250012543984,0.0001238847658463978,8,9.589721875e-05,1.2112120443292022e-05,8,0.9737505339323907,8.207148649999999,
random,fraction,0.05,row_fraction,False,8,8,0,0.0,0.376875,0.022980970388562796,7400.0,0.0,0.41856920124999997,0.03223609730305075,0.003280875000200467,0.00017717968906327396,8,9.589721875e-05,1.2112120443292022e-05,8,0.9489994370639309,8.207148649999999,
random,fraction,0.1,row_fraction,False,8,8,0,0.0,0.385,0.0,14600.0,0.0,0.813877295,0.04191560715844158,0.026784300131112104,0.05802675293046738,8,0.0001001795,0.0,8,0.9008331236939396,8.207148649999999,
random,fraction,0.2,row_fraction,False,8,8,0,0.0,0.385,0.0,29200.0,0.0,1.6503369849999998,0.04494301765459491,0.059312187622708734,0.08054149482706603,8,0.0001001795,0.0,8,0.7989146955441095,8.207148649999999,
random,fraction,0.3,row_fraction,False,8,8,0,0.0,0.385,0.0,43800.0,0.0,2.47409886,0.05317388348619892,0.07023761250820826,0.07935344635729803,8,0.0001001795,0.0,8,0.6985434326207799,8.207148649999999,
random,fraction,0.5,row_fraction,False,8,8,0,0.0,0.385,0.0,73000.0,0.0,4.10369359125,0.06323064840995084,0.11051041275641182,0.08913778365610102,8,0.0001001795,0.0,8,0.4999854680041649,8.207148649999999,
similarity_annealed_ucb,fraction,0.01,cell_fraction,False,8,8,0,0.0,0.34500000000000003,0.033166247903554,1458.0,0.0,0.07291595499999999,0.0014897400018123955,0.3735552243706479,0.09829634373202888,8,7.381090625e-05,2.2598827445853364e-05,8,0.9911155557052083,8.207148649999999,
similarity_annealed_ucb,fraction,0.025,cell_fraction,False,8,8,0,0.0,0.36125,0.03281441320952905,3646.0,0.0,0.176178275,0.0028677140542848543,0.9204645667487057,0.10258097456709374,8,8.571012499999999e-05,2.0438776123112515e-05,8,0.9785335586677841,8.207148649999999,
similarity_annealed_ucb,fraction,0.05,cell_fraction,False,8,8,0,0.0,0.36062500000000003,0.03364069601793977,7291.0,0.0,0.34011068749999995,0.0063218701599916495,2.256279014622123,0.09052510864047218,8,8.58700625e-05,2.026610517841745e-05,8,0.9585592144112073,8.207148649999999,
similarity_annealed_ucb,fraction,0.1,cell_fraction,False,8,8,0,0.0,0.376875,0.022980970388562796,14581.0,0.0,0.6803628425,0.010301051213289919,6.373372161495354,0.14651124393809506,8,9.591175e-05,1.2071019861635552e-05,8,0.9171011917153469,8.207148649999999,
similarity_annealed_ucb,fraction,0.2,cell_fraction,False,8,8,0,0.0,0.385,0.0,29161.0,0.0,1.39198795125,0.00777793715956766,18.775474324625975,0.2122382559441483,8,0.0001001795,0.0,8,0.830393232703297,8.207148649999999,
similarity_annealed_ucb,fraction,0.3,cell_fraction,False,8,8,0,0.0,0.385,0.0,43740.0,0.0,2.18037638625,0.006514022859740843,35.11735115100237,0.15571540071363607,8,0.0001001795,0.0,8,0.734332046459278,8.207148649999999,
similarity_annealed_ucb,fraction,0.5,cell_fraction,False,8,8,0,0.0,0.385,0.0,72900.0,0.0,3.7433341099999997,0.004984472617768609,75.96512434575197,0.9189879995275325,8,0.0001001795,0.0,8,0.5438934678001719,8.207148649999999,
