split,group_type,group,label,pair_count,mean_phi,median_phi,std_phi,mean_agreement,median_agreement
search,exact_shared_slots,0,none,186624,0.063601568363871,0.013469660137376173,0.1360637541040519,0.669022633744856,0.6599999999999999
search,exact_shared_slots,1,retry_2 only,23328,0.06360165151077522,0.013469660137376173,0.13606678543264528,0.6690226337448559,0.6599999999999999
search,exact_shared_slots,2,retry_1 only,23328,0.06360003582945602,0.013469660137376173,0.1360986714212632,0.669022633744856,0.6599999999999999
search,exact_shared_slots,4,original only,23328,0.9327808547640499,0.9999999999999979,0.1881207153642532,0.9939840534979424,1.0
search,exact_shared_slots,3,retry_1 + retry_2,2916,0.06360003720715846,0.013469660137376173,0.13612080553411612,0.6690226337448559,0.6599999999999999
search,exact_shared_slots,5,original + retry_2,2916,0.9331978259667306,0.9999999999999979,0.18705252897084965,0.9940123456790123,1.0
search,exact_shared_slots,6,original + retry_1,2916,0.9888652104652191,0.9999999999999999,0.06593567385128458,0.9993449931412894,1.0
search,slot_same,original,original slot same,29160,0.9384309874544349,0.999999999999999,0.18035057728832476,0.9945229766803841,1.0
search,slot_different,original,original slot different,236196,0.06360140631131793,0.013469660137376173,0.13606734252269706,0.669022633744856,0.6599999999999999
search,slot_same,retry_1,retry_1 slot same,29160,0.15612655343080256,0.04318231476495322,0.30685197496300964,0.7020548696844993,0.675
search,slot_different,retry_1,retry_1 slot different,236196,0.16018220063522315,0.04318231476495322,0.30823056310697744,0.7051298074480516,0.6799999999999999
search,slot_same,retry_2,retry_2 slot same,29160,0.1505611075260091,0.04318231476495322,0.29702095411703366,0.7015216049382715,0.675
search,slot_different,retry_2,retry_2 slot different,236196,0.16086929272223466,0.04318231476495322,0.3094012169480652,0.7051956426019069,0.6799999999999999
search,shared_slot_count,0,0 shared slots,186624,0.063601568363871,0.013469660137376173,0.1360637541040519,0.669022633744856,0.6599999999999999
search,shared_slot_count,1,1 shared slots,69984,0.35332751403476037,0.16888013236829966,0.43820878206732267,0.7773431069958847,0.7150000000000001
search,shared_slot_count,2,2 shared slots,8748,0.6618876912130361,0.9999999999999979,0.4458643177471772,0.8874599908550526,1.0
audit,exact_shared_slots,0,none,186624,0.047217710793651564,0.025259571252595873,0.12745980290698625,0.6701050240054869,0.6599999999999999
audit,exact_shared_slots,1,retry_2 only,23328,0.047289390456625634,0.025259571252595873,0.12747362675904816,0.6701213134430727,0.6599999999999999
audit,exact_shared_slots,2,retry_1 only,23328,0.04750531176030708,0.025512895291490492,0.1274995302976358,0.6702164780521261,0.6599999999999999
audit,exact_shared_slots,4,original only,23328,0.9208442487364273,0.9999999999999994,0.19371412129566695,0.9906871570644719,1.0
audit,exact_shared_slots,3,retry_1 + retry_2,2916,0.047692377491148095,0.025512895291490492,0.1275416503598859,0.670264060356653,0.6599999999999999
audit,exact_shared_slots,5,original + retry_2,2916,0.9224240091943502,0.9999999999999994,0.1905182220835672,0.9908641975308642,1.0
audit,exact_shared_slots,6,original + retry_1,2916,0.9837935915794713,1.0000000000000002,0.08252113443558798,0.9987139917695473,1.0
audit,slot_same,original,original slot same,29160,0.9272971590665239,0.9999999999999994,0.18623672424812845,0.9915075445816187,1.0
audit,slot_different,original,original slot different,236196,0.04725905538296679,0.025354504732504515,0.12746533151080472,0.670119604057647,0.6599999999999999
audit,slot_same,retry_1,retry_1 slot same,29160,0.1411528463153076,0.05150688990974344,0.30693348487651667,0.7030709876543211,0.6599999999999999
audit,slot_different,retry_1,retry_1 slot different,236196,0.14431390880904288,0.054297379330803155,0.30660156053317833,0.705729055530153,0.6599999999999999
audit,slot_same,retry_2,retry_2 slot same,29160,0.13484315103385036,0.05150688990974344,0.29525763674542616,0.7022098765432099,0.6599999999999999
audit,slot_different,retry_2,retry_2 slot different,236196,0.14509288353514874,0.054297379330803155,0.3079968833822978,0.7058353655438703,0.6599999999999999
audit,shared_slot_count,0,0 shared slots,186624,0.047217710793651564,0.025259571252595873,0.12745980290698625,0.6701050240054869,0.6599999999999999
audit,shared_slot_count,1,1 shared slots,69984,0.33854631698445337,0.11589050229692269,0.43918197748120885,0.7770083161865569,0.71
audit,shared_slot_count,2,2 shared slots,8748,0.6513033260883232,0.9885290997344963,0.4501204661404049,0.8866140832190216,0.995
